"gc_content","RNA_type","RNA_region","exon_length","distance_to_junction","evolutionary_conservation","DNA_5mer"
0.592039800995025,"mRNA","3'UTR",12.064405961891,7.49984588708321,0.027363184079602,"AGACC"
0.388059701492537,"mRNA","3'UTR",13.1199137854523,11.5980525001616,0.0238805970149254,"AGACC"
0.492537313432836,"mRNA","CDS",8.90789211945359,6.75488750216347,0.393532338308458,"AGAGA"
0.666666666666667,"mRNA","CDS",10.6250999825191,7.2667865406949,0.246766169154229,"GAACC"
0.497512437810945,"mRNA","5'UTR",8.67595703294175,7.85798099512757,0.824875621890547,"GCACC"
0.442786069651741,"mRNA","CDS",7.32192809488736,4.24792751344359,0.57363184079602,"AAACT"
0.393034825870647,"mRNA","3'UTR",10.0781508077346,7.56985560833095,0.0517412935323383,"AGACC"
0.572139303482587,"mRNA","CDS",10.403544678202,5.4594316186373,0.62089552238806,"GAACA"
0.631840796019901,"mRNA","CDS",7.93467375212206,5.97727992349992,0.783084577114428,"TGACA"
0.422885572139304,"mRNA","intron",9.39446269461032,10.9173720794768,0.0129353233830846,"TAACT"
0.751243781094527,"lncRNA","intron",9.40514146313634,9.04984854945056,0.12636815920398,"CCAGC"
0.398009950248756,"lncRNA","intron",9.9614496943982,15.154739011761,0.965671641791045,"AAAGG"
0.527363184079602,"mRNA","CDS",7.77698127301409,5.75488750216347,0.254228855721393,"AGACT"
0.691542288557214,"mRNA","5'UTR",8.68591679460763,7.86418614465428,0.592039800995025,"TGACA"
0.333333333333333,"mRNA","3'UTR",12.2626821423622,12.0140204703149,0.00895522388059702,"AGACT"
0.293532338308458,"mRNA","3'UTR",10.3553510964248,9.92925840863697,0.30547263681592,"AAACA"
0.522388059701492,"mRNA","5'UTR",10.4178525148859,5.58496250072116,0.211442786069652,"AGACC"
0.288557213930348,"mRNA","3'UTR",10.4450148458684,8.35314682549808,0.132338308457711,"GAACT"
0.417910447761194,"mRNA","3'UTR",12.3083390301394,9.22158712126481,0.312437810945274,"TGACA"
0.348258706467662,"mRNA","CDS",7.16992500144231,4.64385618977472,0.382089552238806,"AGACC"
0.572289156626506,"mRNA","5'UTR",7.16992500144231,6.28540221886225,0.324875621890547,"AGACT"
0.398009950248756,"mRNA","3'UTR",8.36194377373524,5.93073733756289,0.395024875621891,"AGACA"
0.417910447761194,"mRNA","3'UTR",12.7270695580237,11.9679467058127,0.627860696517413,"AAACC"
0.532338308457711,"mRNA","CDS",7.21916852046216,5.75488750216347,0.741791044776119,"AAAGA"
0.681592039800995,"mRNA","intron",0,9.16239132875691,0,"GGACT"
0.522388059701492,"mRNA","3'UTR",12.1493501967738,12.0073777333213,0.0348258706467662,"AAACC"
0.681592039800995,"mRNA","intron",0,11.5171772526895,0.000995024875621891,"GGACA"
0.54726368159204,"mRNA","CDS",6.8116422804607,5.7279204545632,0.466666666666667,"TGACC"
0.626865671641791,"lncRNA","intron",0,6.02236781302845,0.462686567164179,"TAATG"
0.492537313432836,"mRNA","3'UTR",11.1137421660492,9.25502856981873,0.538308457711443,"AAACT"
0.597014925373134,"mRNA","CDS",7.54303182025524,5.64385618977472,0.724378109452736,"GAACA"
0.641791044776119,"mRNA","CDS",8.18982455888002,5.39231742277876,0.888059701492537,"GAACC"
0.427860696517413,"mRNA","3'UTR",10.6257088430645,10.3498340914572,0.113432835820896,"AGACT"
0.641791044776119,"lncRNA","intron",10.5631962722167,17.0858873486216,0.000497512437810945,"GAACC"
0.492537313432836,"mRNA","3'UTR",12.0059753565004,11.7673568541257,0.0825870646766169,"AAACT"
0.527363184079602,"lncRNA","intron",0,14.0193301023901,0.284577114427861,"AGACC"
0.383084577114428,"mRNA","CDS",11.9445290591988,10.5830827675029,0.287562189054726,"TGACT"
0.54228855721393,"mRNA","CDS",9.96434086779242,4.58496250072116,0.567661691542289,"GGACA"
0.616915422885572,"mRNA","3'UTR",6,2,0.261194029850746,"TGACT"
0.447761194029851,"mRNA","3'UTR",11.2520740427962,10.8887432488983,0.53134328358209,"AAACA"
0.502487562189055,"mRNA","3'UTR",12.5586598670265,10.7364019313183,0.362686567164179,"TGACT"
0.681592039800995,"lncRNA","intron",10.0279059965699,7.45121111183233,0.408457711442786,"CCACT"
0.437810945273632,"mRNA","CDS",9.80197774460316,7.36632221424582,0.890547263681592,"GAACT"
0.577114427860697,"mRNA","CDS",6.62935662007961,3.32192809488736,0.466666666666667,"AGACC"
0.532338308457711,"mRNA","3'UTR",8.82919417855299,4.4594316186373,0.562686567164179,"AGACA"
0.368159203980099,"mRNA","CDS",9.84901407369482,5.85798099512757,0.969154228855721,"AGACA"
0.502487562189055,"mRNA","CDS",7.17990909001493,3.70043971814109,0.510945273631841,"GGACT"
0.353233830845771,"mRNA","3'UTR",9.92035285541508,8.94251450533924,0.114925373134328,"GAACT"
0.393034825870647,"mRNA","3'UTR",11.3303567169579,10.9248125036058,0.314925373134328,"GGACT"
0.537313432835821,"mRNA","CDS",6.71424551766612,4.8073549220576,0.581592039800995,"GAACA"
0.412935323383085,"mRNA","CDS",6.75488750216347,4.90689059560852,0.722885572139304,"GAACC"
0.626865671641791,"mRNA","CDS",9.21674585819531,7.25738784269265,0.296019900497512,"GGACC"
0.711442786069652,"mRNA","CDS",10.5071339142696,9.8073549220576,0.871641791044776,"GGACC"
0.696517412935323,"mRNA","CDS",7.49585502688717,6.56985560833095,0.688059701492537,"GGACT"
0.651741293532338,"mRNA","3'UTR",7.63299519714296,0,0.470646766169154,"AGACC"
0.532338308457711,"mRNA","3'UTR",11.7788984760084,11.0907740546408,0.181094527363184,"GAACC"
0.587064676616915,"mRNA","3'UTR",8.72366094440998,7.6724253419715,0.701990049751244,"GGACA"
0.686567164179104,"mRNA","5'UTR",8.91886323727459,6.94251450533924,0.0935323383084577,"TGAGC"
0.437810945273632,"mRNA","3'UTR",11.18982455888,11.0035179121086,0.688059701492537,"AAACA"
0.527363184079602,"mRNA","CDS",14.1493501967738,12.5536292939164,0.427363184079602,"AGACT"
0.432835820895522,"mRNA","3'UTR",10.4019461239765,10.0848083878044,0.054726368159204,"AAACC"
0.527363184079602,"mRNA","CDS",7.3037807481771,3,0.865671641791045,"AAACT"
0.611940298507463,"lncRNA","intron",11.8967108157261,7.4757334309664,0.00945273631840796,"GGACT"
0.333333333333333,"mRNA","3'UTR",6.75488750216347,5.6724253419715,0.55771144278607,"AAACA"
0.407960199004975,"mRNA","3'UTR",11.1019756709492,11.0251395622785,0.0139303482587065,"AAACT"
0.402985074626866,"mRNA","3'UTR",11.1854949242109,10.2082343583398,0.0557213930348259,"GAACA"
0.378109452736318,"mRNA","CDS",5.90689059560852,2.32192809488736,0.376616915422886,"AAACA"
0.477611940298507,"mRNA","3'UTR",11.763004829586,8.35755200461808,0,"GGACA"
0.527363184079602,"mRNA","3'UTR",11.5776648517648,8.61102479730735,0.036318407960199,"GAACT"
0.557213930348259,"mRNA","3'UTR",8.51701317022808,5.12928301694497,0.600497512437811,"GAACC"
0.422885572139304,"mRNA","CDS",9.8820061260188,6.20945336562895,0.402487562189055,"GAACC"
0.616915422885572,"mRNA","5'UTR",7.16741814583174,5.32192809488736,0.699502487562189,"AGACA"
0.402985074626866,"mRNA","CDS",6.79441586635011,5.35755200461808,0.650746268656716,"TGACT"
0.432835820895522,"mRNA","CDS",12.1754247985897,9.76983784362944,0.354228855721393,"AAACT"
0.63681592039801,"mRNA","CDS",12.2434715383963,9.73470962022584,0.926865671641791,"GGACG"
0.472636815920398,"mRNA","5'UTR",11.116993677547,9.78299820892041,0.00348258706467662,"GGACT"
0.492537313432836,"mRNA","CDS",7.88467931651836,6.18982455888002,0.865174129353234,"GGACT"
0.36318407960199,"mRNA","CDS",9.57364718749332,8.49185309632967,0.118905472636816,"AAACA"
0.63681592039801,"mRNA","CDS",7.4178525148859,4.4594316186373,0.575621890547264,"TGACA"
0.61437908496732,"mRNA","5'UTR",6.96866679319521,6.16992500144231,0.0691542288557214,"GGACC"
0.701492537313433,"lncRNA","intron",0,13.9012440324674,0.714427860696517,"ACAGC"
0.621890547263682,"mRNA","3'UTR",10.2905948880826,8.90989308377004,0.0616915422885572,"AGACT"
0.507462686567164,"mRNA","CDS",8.68650052718322,6.49185309632967,0.715422885572139,"AAACA"
0.562189054726368,"mRNA","3'UTR",7.81378119121704,6.28540221886225,0.0199004975124378,"GGAAT"
0.512437810945274,"lincRNA","intron",10.4706588740606,12.0254856568084,0.00248756218905473,"AGACA"
0.552238805970149,"mRNA","5'UTR",6.07681559705083,5.24792751344359,0.352238805970149,"TAACT"
0.522388059701492,"mRNA","CDS",6.8703647195834,5.52356195605701,0.493532338308458,"GAACT"
0.442786069651741,"mRNA","3'UTR",10.2538474849874,8.04439411935845,0.0761194029850746,"GGACC"
0.462686567164179,"mRNA","3'UTR",12.0296323280441,10.1189410727235,0.073134328358209,"GGACC"
0.512437810945274,"mRNA","3'UTR",11.2100624832402,10.9957671508778,0,"GAACA"
0.417910447761194,"mRNA","CDS",7.85174904141606,5,0.606467661691542,"AAACA"
0.552238805970149,"mRNA","CDS",11.2070143201775,9.51175265376738,0.93134328358209,"GAACT"
0.512437810945274,"lncRNA","intron",7.25738784269265,16.7610836935834,0.844278606965174,"GGACA"
0.358208955223881,"mRNA","3'UTR",12.6863910953145,11.380461065089,0.161194029850746,"TAACT"
0.54228855721393,"mRNA","intron",0,6.52356195605701,0.0114427860696517,"GGACT"
0.54228855721393,"mRNA","3'UTR",9.5018371849023,4.32192809488736,0.399004975124378,"GGACA"
0.393034825870647,"mRNA","intron",8.81698362325538,6.97727992349992,0.0169154228855721,"TAACT"
0.45273631840796,"mRNA","CDS",8.59618975614441,7.4594316186373,0.851243781094527,"TGACT"
0.601990049751244,"mRNA","CDS",9.09539702279256,6.8073549220576,0.925870646766169,"GGACT"
0.616915422885572,"mRNA","CDS",7.07681559705083,4.95419631038687,0.540298507462687,"GGACT"
